seed,model,walks_per_node,lml,rmse,nlpd,beta,sigma_f,variance
1115,Diffusion,,-349.9304493933648,12.975175883801255,85.45682191005679,2.2004523877942233,1.4244600879327034,0.24636814934727694
