seed,model,walks_per_node,lml,rmse,nlpd,beta,sigma_f,variance
1111,Diffusion,,-371.8527579668861,14.141976341129933,95.9948209245537,2.368512100493608,1.5358225818594695,0.08593625513379698
