seed,model,walks_per_node,lml,rmse,nlpd,beta,sigma_f,variance
1114,PoFM,,-340.29221037468477,15.459128450703114,99.87129846500365,2.0175182702341443,1.5763885077934898,0.08280470604869913
