seed,model,walks_per_node,lml,rmse,nlpd,beta,sigma_f,variance
1113,Diffusion,,-350.0797276362912,13.365070820585455,88.28211794560855,2.245964346661212,1.4756444851620312,0.1753506918229816
