seed,model,walks_per_node,lml,rmse,nlpd,beta,sigma_f,variance
1115,PoFM,,-346.7963020754289,12.83543542089246,86.58366381165159,2.2004523877942233,1.4244600879327034,0.24636814934727697
