seed,model,walks_per_node,lml,rmse,nlpd,beta,sigma_f,variance
1113,SVGP,,,15.026891330840158,95.92336422522678,5.117469855097981,0.36287657738618384,0.9677229371730507
