seed,model,walks_per_node,lml,rmse,nlpd,beta,sigma_f,variance
1112,SVGP,,,16.64202392834404,104.02262780081155,5.206737221338485,0.4047921156832314,0.9589156730434834
