seed,model,walks_per_node,lml,rmse,nlpd,beta,sigma_f,variance
1111,SVGP,,,16.15760548816089,101.9127509241749,5.344507618658388,0.4961298652372897,0.9386755178705708
1112,SVGP,,,16.64202392834404,104.02262780081156,5.206737221338485,0.4047921156832314,0.9589156730434834
1113,SVGP,,,15.026891330840158,95.92336422522678,5.117469855097981,0.3628765773861838,0.9677229371730508
1114,SVGP,,,16.67425985107388,104.45210076000248,5.94434505185664,0.6786933606124246,0.8875125062149531
1115,SVGP,,,14.600730236844475,94.17952219910312,6.161649130833254,0.7534847481698678,0.8608768359686089
