seed,model,walks_per_node,lml,rmse,nlpd,beta,sigma_f,variance
1115,SVGP,,,14.600730236844475,94.17952219910313,6.161649130833254,0.7534847481698678,0.8608768359686089
