seed,model,walks_per_node,lml,rmse,nlpd,beta,sigma_f,variance
1111,SVGP,,,16.15760548816089,101.9127509241749,5.344507618658388,0.4961298652372897,0.9386755178705708
