seed,model,walks_per_node,lml,rmse,nlpd,beta,sigma_f,variance
1114,SVGP,,,16.67425985107388,104.45210076000248,5.94434505185664,0.6786933606124246,0.8875125062149531
