seed,model,wpn,lml,mse_obs,rmse_obs,nlpd_obs,learned_noise_var,n_train,n_test
100,Diffusion,,-270.2181047474851,1.1302601619000583,1.0631369440951897,2.068527486427036,0.23205952465117727,270,630
100,GRF(wpn=1),1.0,-330.6961600512552,0.835290420777302,0.9139422414886522,1.3249293963630209,0.2511204617010147,270,630
100,GRF-ablation(wpn=1),1.0,-1304.5312614510362,49.55529720902279,7.039552344362729,4.710293136057007,0.2539189298511032,270,630
100,GRF(wpn=10),10.0,-321.9213898846703,0.8238374214071621,0.9076549021556387,1.3939948734424255,0.2412034082056058,270,630
100,GRF-ablation(wpn=10),10.0,-308.1834768519777,0.9346813630210956,0.9667892029915806,1.4239740813509398,0.2442136272662242,270,630
100,GRF(wpn=100),100.0,-301.3447453902389,0.9417100163888895,0.9704174443964255,1.5747215093509308,0.1411065057209828,270,630
100,GRF-ablation(wpn=100),100.0,-280.51636658919625,1.055313932594731,1.0272847378379233,1.6492446742296627,0.2402029360873408,270,630
100,GRF(wpn=1000),1000.0,-278.89410730163235,1.0917534321891027,1.0448700551691117,1.9180639144733997,0.09747669569139128,270,630
100,GRF-ablation(wpn=1000),1000.0,-275.637787123812,1.0677540984726182,1.0333218755415072,1.7490594906142893,0.23172910239171587,270,630
