seed,model,walks_per_node,lml,rmse,nlpd,beta,sigma_f,variance
1115,PoFM,,-347.34409527294156,13.002115571987668,85.17555727233545,2.065017708125136,1.3727473149980445,0.3344162219402174
1115,Diffusion,,-347.81261848376136,13.192213709920669,84.97637306390689,2.065017708125136,1.3727473149980445,0.3344162219402174
