seed,model,walks_per_node,lml,rmse,nlpd,beta,sigma_f,variance
1113,PoFM,,-344.1102186498758,13.388771567043195,87.41294663721258,2.245964346661212,1.4756444851620312,0.17535069182298166
