seed,model,walks_per_node,lml,rmse,nlpd,beta,sigma_f,variance
1112,Diffusion,,-346.7688002814512,15.23771795760454,105.18548631129696,2.164246186308817,1.5212037711571902,0.12828270667747976
