seed,model,walks_per_node,lml,rmse,nlpd,beta,sigma_f,variance
1114,Diffusion,,-344.12049109579294,15.737454594658441,114.55163632170914,2.0175182702341443,1.5763885077934898,0.08280470604869913
