seed,model,walks_per_node,lml,rmse,nlpd,beta,sigma_f,variance
1111,PoFM,,-341.2189247148425,13.893909341380121,95.67395746232252,2.3685121004936076,1.5358225818594693,0.08593625513379709
