seed,model,walks_per_node,lml,rmse,nlpd,beta,sigma_f,variance
1112,PoFM,,-341.7203879685948,14.922790700309786,95.84968757907677,2.164246186308817,1.5212037711571902,0.12828270667747987
